[{"name": "Domain", "count":155}, 
{"name": "Table", "count":766}, 
{"name": "activity_1.Activity", "count":16}, 
{"name": "activity_1.Faculty", "count":58}, 
{"name": "activity_1.Student", "count":34}, 
{"name": "aircraft.aircraft", "count":5}, 
{"name": "aircraft.airport", "count":10}, 
{"name": "aircraft.match", "count":7}, 
{"name": "aircraft.pilot", "count":12}, 
{"name": "allergy_1.Allergy_Type", "count":14}, 
{"name": "allergy_1.Has_Allergy", "count":1}, 
{"name": "allergy_1.Student", "count":34}, 
{"name": "apartment_rentals.Apartment_Bookings", "count":15}, 
{"name": "apartment_rentals.Apartment_Buildings", "count":15}, 
{"name": "apartment_rentals.Apartment_Facilities", "count":7}, 
{"name": "apartment_rentals.Apartments", "count":15}, 
{"name": "apartment_rentals.Guests", "count":15}, 
{"name": "apartment_rentals.View_Unit_Status", "count":20}, 
{"name": "architecture.architect", "count":5}, 
{"name": "architecture.bridge", "count":15}, 
{"name": "architecture.mill", "count":6}, 
{"name": "assets_maintenance.Assets", "count":15}, 
{"name": "assets_maintenance.Engineer_Visits", "count":15}, 
{"name": "assets_maintenance.Fault_Log", "count":15}, 
{"name": "assets_maintenance.Maintenance_Contracts", "count":15}, 
{"name": "assets_maintenance.Maintenance_Engineers", "count":15}, 
{"name": "assets_maintenance.Part_Faults", "count":15}, 
{"name": "assets_maintenance.Parts", "count":3}, 
{"name": "assets_maintenance.Skills", "count":3}, 
{"name": "assets_maintenance.Staff", "count":15}, 
{"name": "assets_maintenance.Third_Party_Companies", "count":15}, 
{"name": "battle_death.battle", "count":8}, 
{"name": "battle_death.death", "count":13}, 
{"name": "battle_death.ship", "count":7}, 
{"name": "behavior_monitoring.Addresses", "count":20}, 
{"name": "behavior_monitoring.Behavior_Incident", "count":15}, 
{"name": "behavior_monitoring.Detention", "count":15}, 
{"name": "behavior_monitoring.Ref_Address_Types", "count":2}, 
{"name": "behavior_monitoring.Ref_Detention_Type", "count":3}, 
{"name": "behavior_monitoring.Ref_Incident_Type", "count":3}, 
{"name": "behavior_monitoring.Students", "count":15}, 
{"name": "behavior_monitoring.Students_in_Detention", "count":15}, 
{"name": "behavior_monitoring.Teachers", "count":15}, 
{"name": "body_builder.body_builder", "count":5}, 
{"name": "body_builder.people", "count":6}, 
{"name": "book_2.book", "count":10}, 
{"name": "book_2.publication", "count":7}, 
{"name": "browser_web.Web_client_accelerator", "count":19}, 
{"name": "browser_web.browser", "count":4}, 
{"name": "candidate_poll.candidate", "count":6}, 
{"name": "candidate_poll.people", "count":9}, 
{"name": "car_1.car_makers", "count":22}, 
{"name": "car_1.car_names", "count":406}, 
{"name": "car_1.cars_data", "count":406}, 
{"name": "car_1.continents", "count":5}, 
{"name": "car_1.countries", "count":15}, 
{"name": "car_1.model_list", "count":36}, 
{"name": "cinema.cinema", "count":10}, 
{"name": "cinema.film", "count":5}, 
{"name": "city_record.city", "count":13}, 
{"name": "city_record.hosting_city", "count":6}, 
{"name": "city_record.match", "count":6}, 
{"name": "city_record.temperature", "count":8}, 
{"name": "climbing.climber", "count":10}, 
{"name": "climbing.mountain", "count":7}, 
{"name": "club_1.Club", "count":4}, 
{"name": "club_1.Student", "count":34}, 
{"name": "coffee_shop.happy_hour", "count":10}, 
{"name": "coffee_shop.happy_hour_member", "count":6}, 
{"name": "coffee_shop.member", "count":10}, 
{"name": "coffee_shop.shop", "count":10}, 
{"name": "college_1.CLASS", "count":13}, 
{"name": "college_1.COURSE", "count":6}, 
{"name": "college_1.DEPARTMENT", "count":11}, 
{"name": "college_1.EMPLOYEE", "count":37}, 
{"name": "college_1.ENROLL", "count":6}, 
{"name": "college_1.STUDENT", "count":8}, 
{"name": "college_3.Course", "count":76}, 
{"name": "college_3.Department", "count":26}, 
{"name": "college_3.Faculty", "count":58}, 
{"name": "college_3.Gradeconversion", "count":13}, 
{"name": "college_3.Student", "count":34}, 
{"name": "company_1.department", "count":3}, 
{"name": "company_1.dependent", "count":7}, 
{"name": "company_1.dept_locations", "count":5}, 
{"name": "company_1.employee", "count":8}, 
{"name": "company_1.project", "count":6}, 
{"name": "company_1.works_on", "count":16}, 
{"name": "company_employee.company", "count":19}, 
{"name": "company_employee.people", "count":7}, 
{"name": "company_office.Companies", "count":19}, 
{"name": "company_office.buildings", "count":12}, 
{"name": "concert_singer.concert", "count":6}, 
{"name": "concert_singer.singer", "count":6}, 
{"name": "concert_singer.singer_in_concert", "count":10}, 
{"name": "concert_singer.stadium", "count":9}, 
{"name": "county_public_safety.city", "count":17}, 
{"name": "county_public_safety.county_public_safety", "count":6}, 
{"name": "course_teach.course", "count":10}, 
{"name": "course_teach.teacher", "count":7}, 
{"name": "cre_Doc_Control_Systems.Addresses", "count":10}, 
{"name": "cre_Doc_Control_Systems.Circulation_History", "count":4}, 
{"name": "cre_Doc_Control_Systems.Document_Drafts", "count":15}, 
{"name": "cre_Doc_Control_Systems.Documents", "count":15}, 
{"name": "cre_Doc_Control_Systems.Draft_Copies", "count":8}, 
{"name": "cre_Doc_Control_Systems.Employees", "count":6}, 
{"name": "cre_Doc_Control_Systems.Ref_Document_Status", "count":3}, 
{"name": "cre_Doc_Control_Systems.Ref_Document_Types", "count":3}, 
{"name": "cre_Doc_Control_Systems.Ref_Shipping_Agents", "count":5}, 
{"name": "cre_Doc_Control_Systems.Roles", "count":4}, 
{"name": "cre_Doc_Template_Mgt.Documents", "count":15}, 
{"name": "cre_Doc_Template_Mgt.Paragraphs", "count":15}, 
{"name": "cre_Doc_Template_Mgt.Ref_Template_Types", "count":5}, 
{"name": "cre_Doc_Template_Mgt.Templates", "count":20}, 
{"name": "cre_Doc_Tracking_DB.All_Documents", "count":15}, 
{"name": "cre_Doc_Tracking_DB.Documents_to_be_Destroyed", "count":11}, 
{"name": "cre_Doc_Tracking_DB.Employees", "count":15}, 
{"name": "cre_Doc_Tracking_DB.Ref_Calendar", "count":15}, 
{"name": "cre_Doc_Tracking_DB.Ref_Document_Types", "count":4}, 
{"name": "cre_Doc_Tracking_DB.Ref_Locations", "count":5}, 
{"name": "cre_Doc_Tracking_DB.Roles", "count":5}, 
{"name": "cre_Docs_and_Epenses.Accounts", "count":15}, 
{"name": "cre_Docs_and_Epenses.Documents", "count":15}, 
{"name": "cre_Docs_and_Epenses.Documents_with_Expenses", "count":10}, 
{"name": "cre_Docs_and_Epenses.Projects", "count":5}, 
{"name": "cre_Docs_and_Epenses.Ref_Budget_Codes", "count":3}, 
{"name": "cre_Docs_and_Epenses.Ref_Document_Types", "count":5}, 
{"name": "cre_Docs_and_Epenses.Statements", "count":2}, 
{"name": "cre_Drama_Workshop_Groups.Addresses", "count":20}, 
{"name": "cre_Drama_Workshop_Groups.Bookings", "count":15}, 
{"name": "cre_Drama_Workshop_Groups.Clients", "count":20}, 
{"name": "cre_Drama_Workshop_Groups.Customer_Orders", "count":15}, 
{"name": "cre_Drama_Workshop_Groups.Customers", "count":15}, 
{"name": "cre_Drama_Workshop_Groups.Drama_Workshop_Groups", "count":15}, 
{"name": "cre_Drama_Workshop_Groups.Invoice_Items", "count":2}, 
{"name": "cre_Drama_Workshop_Groups.Invoices", "count":15}, 
{"name": "cre_Drama_Workshop_Groups.Marketing_Regions", "count":8}, 
{"name": "cre_Drama_Workshop_Groups.Order_Items", "count":15}, 
{"name": "cre_Drama_Workshop_Groups.Performers", "count":20}, 
{"name": "cre_Drama_Workshop_Groups.Products", "count":15}, 
{"name": "cre_Drama_Workshop_Groups.Ref_Payment_Methods", "count":3}, 
{"name": "cre_Drama_Workshop_Groups.Ref_Service_Types", "count":4}, 
{"name": "cre_Drama_Workshop_Groups.Services", "count":15}, 
{"name": "cre_Drama_Workshop_Groups.Stores", "count":10}, 
{"name": "cre_Theme_park.Features", "count":5}, 
{"name": "cre_Theme_park.Hotels", "count":20}, 
{"name": "cre_Theme_park.Locations", "count":15}, 
{"name": "cre_Theme_park.Museums", "count":3}, 
{"name": "cre_Theme_park.Photos", "count":15}, 
{"name": "cre_Theme_park.Ref_Attraction_Types", "count":5}, 
{"name": "cre_Theme_park.Ref_Hotel_Star_Ratings", "count":5}, 
{"name": "cre_Theme_park.Royal_Family", "count":2}, 
{"name": "cre_Theme_park.Shops", "count":4}, 
{"name": "cre_Theme_park.Staff", "count":20}, 
{"name": "cre_Theme_park.Street_Markets", "count":2}, 
{"name": "cre_Theme_park.Theme_Parks", "count":3}, 
{"name": "cre_Theme_park.Tourist_Attractions", "count":15}, 
{"name": "cre_Theme_park.Visitors", "count":20}, 
{"name": "cre_Theme_park.Visits", "count":20}, 
{"name": "csu_1.Campuses", "count":23}, 
{"name": "csu_1.csu_fees", "count":23}, 
{"name": "csu_1.degrees", "count":320}, 
{"name": "csu_1.discipline_enrollments", "count":395}, 
{"name": "csu_1.enrollments", "count":1113}, 
{"name": "csu_1.faculty", "count":69}, 
{"name": "culture_company.book_club", "count":12}, 
{"name": "culture_company.culture_company", "count":6}, 
{"name": "culture_company.movie", "count":10}, 
{"name": "customer_complaints.Complaints", "count":12}, 
{"name": "customer_complaints.Customers", "count":8}, 
{"name": "customer_complaints.Products", "count":4}, 
{"name": "customer_complaints.Staff", "count":7}, 
{"name": "customer_deliveries.Actual_Orders", "count":15}, 
{"name": "customer_deliveries.Addresses", "count":15}, 
{"name": "customer_deliveries.Customers", "count":15}, 
{"name": "customer_deliveries.Delivery_Route_Locations", "count":15}, 
{"name": "customer_deliveries.Delivery_Routes", "count":15}, 
{"name": "customer_deliveries.Employees", "count":15}, 
{"name": "customer_deliveries.Order_Deliveries", "count":15}, 
{"name": "customer_deliveries.Products", "count":6}, 
{"name": "customer_deliveries.Regular_Orders", "count":15}, 
{"name": "customer_deliveries.Trucks", "count":15}, 
{"name": "customers_and_addresses.Addresses", "count":15}, 
{"name": "customers_and_addresses.Customer_Contact_Channels", "count":20}, 
{"name": "customers_and_addresses.Customer_Orders", "count":15}, 
{"name": "customers_and_addresses.Customers", "count":15}, 
{"name": "customers_and_addresses.Products", "count":3}, 
{"name": "customers_and_invoices.Accounts", "count":15}, 
{"name": "customers_and_invoices.Customers", "count":15}, 
{"name": "customers_and_invoices.Invoice_Line_Items", "count":15}, 
{"name": "customers_and_invoices.Invoices", "count":15}, 
{"name": "customers_and_invoices.Order_Items", "count":15}, 
{"name": "customers_and_invoices.Orders", "count":15}, 
{"name": "customers_and_invoices.Product_Categories", "count":4}, 
{"name": "customers_and_invoices.Products", "count":15}, 
{"name": "customers_and_products_contacts.Addresses", "count":15}, 
{"name": "customers_and_products_contacts.Contacts", "count":15}, 
{"name": "customers_and_products_contacts.Customer_Orders", "count":15}, 
{"name": "customers_and_products_contacts.Customers", "count":15}, 
{"name": "customers_and_products_contacts.Products", "count":15}, 
{"name": "customers_campaigns_ecommerce.Customer_Orders", "count":15}, 
{"name": "customers_campaigns_ecommerce.Customers", "count":15}, 
{"name": "customers_campaigns_ecommerce.Mailshot_Campaigns", "count":20}, 
{"name": "customers_campaigns_ecommerce.Premises", "count":15}, 
{"name": "customers_campaigns_ecommerce.Products", "count":15}, 
{"name": "customers_card_transactions.Accounts", "count":15}, 
{"name": "customers_card_transactions.Customers", "count":15}, 
{"name": "customers_card_transactions.Customers_Cards", "count":15}, 
{"name": "debate.debate", "count":6}, 
{"name": "debate.debate_people", "count":5}, 
{"name": "debate.people", "count":10}, 
{"name": "decoration_competition.college", "count":5}, 
{"name": "decoration_competition.member", "count":10}, 
{"name": "decoration_competition.round", "count":6}, 
{"name": "department_management.department", "count":15}, 
{"name": "department_management.head", "count":10}, 
{"name": "department_store.Addresses", "count":15}, 
{"name": "department_store.Customer_Orders", "count":15}, 
{"name": "department_store.Customers", "count":15}, 
{"name": "department_store.Department_Store_Chain", "count":4}, 
{"name": "department_store.Department_Stores", "count":15}, 
{"name": "department_store.Departments", "count":5}, 
{"name": "department_store.Order_Items", "count":15}, 
{"name": "department_store.Products", "count":15}, 
{"name": "department_store.Staff", "count":15}, 
{"name": "department_store.Suppliers", "count":4}, 
{"name": "device.device", "count":6}, 
{"name": "device.shop", "count":12}, 
{"name": "document_management.Document_Functional_Areas", "count":15}, 
{"name": "document_management.Document_Sections", "count":15}, 
{"name": "document_management.Document_Structures", "count":5}, 
{"name": "document_management.Documents", "count":15}, 
{"name": "document_management.Functional_Areas", "count":3}, 
{"name": "document_management.Images", "count":15}, 
{"name": "document_management.Roles", "count":2}, 
{"name": "document_management.Users", "count":15}, 
{"name": "dog_kennels.Breeds", "count":3}, 
{"name": "dog_kennels.Charges", "count":3}, 
{"name": "dog_kennels.Dogs", "count":15}, 
{"name": "dog_kennels.Owners", "count":15}, 
{"name": "dog_kennels.Professionals", "count":15}, 
{"name": "dog_kennels.Sizes", "count":3}, 
{"name": "dog_kennels.Treatment_Types", "count":3}, 
{"name": "dog_kennels.Treatments", "count":15}, 
{"name": "dorm_1.Has_amenity", "count":40}, 
{"name": "dorm_1.Lives_in", "count":31}, 
{"name": "dorm_1.Student", "count":34}, 
{"name": "driving_school.Addresses", "count":15}, 
{"name": "driving_school.Customer_Payments", "count":15}, 
{"name": "driving_school.Customers", "count":15}, 
{"name": "driving_school.Lessons", "count":15}, 
{"name": "driving_school.Staff", "count":15}, 
{"name": "driving_school.Vehicles", "count":3}, 
{"name": "e_government.Addresses", "count":15}, 
{"name": "e_government.Forms", "count":6}, 
{"name": "e_government.Individuals", "count":15}, 
{"name": "e_government.Organizations", "count":5}, 
{"name": "e_government.Parties", "count":15}, 
{"name": "e_government.Services", "count":15}, 
{"name": "e_learning.Course_Authors_and_Tutors", "count":15}, 
{"name": "e_learning.Courses", "count":15}, 
{"name": "e_learning.Student_Course_Enrolment", "count":20}, 
{"name": "e_learning.Student_Tests_Taken", "count":15}, 
{"name": "e_learning.Students", "count":15}, 
{"name": "e_learning.Subjects", "count":3}, 
{"name": "election.county", "count":5}, 
{"name": "election.election", "count":8}, 
{"name": "election.party", "count":7}, 
{"name": "election_representative.election", "count":5}, 
{"name": "election_representative.representative", "count":7}, 
{"name": "employee_hire_evaluation.employee", "count":10}, 
{"name": "employee_hire_evaluation.evaluation", "count":6}, 
{"name": "employee_hire_evaluation.hiring", "count":7}, 
{"name": "employee_hire_evaluation.shop", "count":9}, 
{"name": "entertainment_awards.artwork", "count":9}, 
{"name": "entertainment_awards.festival_detail", "count":5}, 
{"name": "entrepreneur.entrepreneur", "count":6}, 
{"name": "entrepreneur.people", "count":8}, 
{"name": "epinions_1.item", "count":8}, 
{"name": "epinions_1.review", "count":7}, 
{"name": "epinions_1.useracct", "count":7}, 
{"name": "farm.city", "count":5}, 
{"name": "farm.farm", "count":8}, 
{"name": "farm.farm_competition", "count":6}, 
{"name": "film_rank.film", "count":13}, 
{"name": "film_rank.film_market_estimation", "count":9}, 
{"name": "film_rank.market", "count":6}, 
{"name": "flight_1.aircraft", "count":16}, 
{"name": "flight_1.employee", "count":31}, 
{"name": "flight_1.flight", "count":10}, 
{"name": "flight_2.airlines", "count":12}, 
{"name": "flight_2.airports", "count":100}, 
{"name": "flight_2.flights", "count":1200}, 
{"name": "flight_company.airport", "count":9}, 
{"name": "flight_company.flight", "count":13}, 
{"name": "flight_company.operate_company", "count":14}, 
{"name": "game_1.SportsInfo", "count":14}, 
{"name": "game_1.Student", "count":34}, 
{"name": "game_1.Video_Games", "count":6}, 
{"name": "game_injury.game", "count":20}, 
{"name": "game_injury.injury_accident", "count":15}, 
{"name": "game_injury.stadium", "count":13}, 
{"name": "gas_company.company", "count":10}, 
{"name": "gas_company.gas_station", "count":11}, 
{"name": "gymnast.gymnast", "count":7}, 
{"name": "gymnast.people", "count":10}, 
{"name": "hospital_1.Appointment", "count":9}, 
{"name": "hospital_1.Block", "count":12}, 
{"name": "hospital_1.Department", "count":3}, 
{"name": "hospital_1.Medication", "count":5}, 
{"name": "hospital_1.Nurse", "count":3}, 
{"name": "hospital_1.On_Call", "count":6}, 
{"name": "hospital_1.Patient", "count":4}, 
{"name": "hospital_1.Physician", "count":9}, 
{"name": "hospital_1.Prescribes", "count":3}, 
{"name": "hospital_1.Procedures", "count":7}, 
{"name": "hospital_1.Room", "count":36}, 
{"name": "hospital_1.Stay", "count":3}, 
{"name": "hospital_1.Undergoes", "count":6}, 
{"name": "hr_1.countries", "count":25}, 
{"name": "hr_1.departments", "count":27}, 
{"name": "hr_1.employees", "count":107}, 
{"name": "hr_1.job_history", "count":11}, 
{"name": "hr_1.jobs", "count":19}, 
{"name": "hr_1.locations", "count":23}, 
{"name": "hr_1.regions", "count":4}, 
{"name": "icfp_1.Authors", "count":13}, 
{"name": "icfp_1.Authorship", "count":14}, 
{"name": "icfp_1.Inst", "count":8}, 
{"name": "icfp_1.Papers", "count":7}, 
{"name": "inn_1.Reservations", "count":600}, 
{"name": "inn_1.Rooms", "count":10}, 
{"name": "insurance_and_eClaims.Claim_Headers", "count":15}, 
{"name": "insurance_and_eClaims.Claims_Processing", "count":15}, 
{"name": "insurance_and_eClaims.Claims_Processing_Stages", "count":2}, 
{"name": "insurance_and_eClaims.Customers", "count":15}, 
{"name": "insurance_and_eClaims.Policies", "count":15}, 
{"name": "insurance_and_eClaims.Staff", "count":15}, 
{"name": "insurance_fnol.Available_Policies", "count":15}, 
{"name": "insurance_fnol.Claims", "count":10}, 
{"name": "insurance_fnol.Customers", "count":15}, 
{"name": "insurance_fnol.First_Notification_of_Loss", "count":7}, 
{"name": "insurance_fnol.Services", "count":4}, 
{"name": "insurance_fnol.Settlements", "count":10}, 
{"name": "insurance_policies.Claims", "count":15}, 
{"name": "insurance_policies.Customer_Policies", "count":15}, 
{"name": "insurance_policies.Customers", "count":15}, 
{"name": "insurance_policies.Payments", "count":15}, 
{"name": "insurance_policies.Settlements", "count":15}, 
{"name": "journal_committee.editor", "count":9}, 
{"name": "journal_committee.journal", "count":16}, 
{"name": "loan_1.bank", "count":4}, 
{"name": "loan_1.customer", "count":3}, 
{"name": "loan_1.loan", "count":3}, 
{"name": "local_govt_and_lot.Customer_Event_Notes", "count":13}, 
{"name": "local_govt_and_lot.Customer_Events", "count":13}, 
{"name": "local_govt_and_lot.Customers", "count":15}, 
{"name": "local_govt_and_lot.Organizations", "count":3}, 
{"name": "local_govt_and_lot.Properties", "count":15}, 
{"name": "local_govt_and_lot.Residents", "count":15}, 
{"name": "local_govt_and_lot.Residents_Services", "count":11}, 
{"name": "local_govt_and_lot.Services", "count":15}, 
{"name": "local_govt_and_lot.Things", "count":15}, 
{"name": "local_govt_and_lot.Timed_Locations_of_Things", "count":15}, 
{"name": "local_govt_and_lot.Timed_Status_of_Things", "count":18}, 
{"name": "local_govt_in_alabama.Events", "count":15}, 
{"name": "local_govt_in_alabama.Participants", "count":15}, 
{"name": "local_govt_in_alabama.Services", "count":4}, 
{"name": "local_govt_mdm.Benefits_Overpayments", "count":4}, 
{"name": "local_govt_mdm.Business_Rates", "count":3}, 
{"name": "local_govt_mdm.CMI_Cross_References", "count":21}, 
{"name": "local_govt_mdm.Council_Tax", "count":6}, 
{"name": "local_govt_mdm.Customer_Master_Index", "count":9}, 
{"name": "local_govt_mdm.Electoral_Register", "count":6}, 
{"name": "local_govt_mdm.Parking_Fines", "count":2}, 
{"name": "local_govt_mdm.Rent_Arrears", "count":4}, 
{"name": "machine_repair.machine", "count":9}, 
{"name": "machine_repair.repair", "count":9}, 
{"name": "machine_repair.repair_assignment", "count":9}, 
{"name": "machine_repair.technician", "count":10}, 
{"name": "manufactory_1.Manufacturers", "count":6}, 
{"name": "manufactory_1.Products", "count":11}, 
{"name": "manufacturer.furniture", "count":7}, 
{"name": "manufacturer.furniture_manufacte", "count":5}, 
{"name": "manufacturer.manufacturer", "count":7}, 
{"name": "match_season.country", "count":6}, 
{"name": "match_season.match_season", "count":16}, 
{"name": "match_season.player", "count":10}, 
{"name": "match_season.team", "count":10}, 
{"name": "medicine_enzyme_interaction.enzyme", "count":8}, 
{"name": "medicine_enzyme_interaction.medicine", "count":21}, 
{"name": "mountain_photos.camera_lens", "count":11}, 
{"name": "mountain_photos.mountain", "count":23}, 
{"name": "mountain_photos.photos", "count":10}, 
{"name": "movie_1.Movie", "count":8}, 
{"name": "movie_1.Reviewer", "count":8}, 
{"name": "museum_visit.museum", "count":8}, 
{"name": "museum_visit.visit", "count":6}, 
{"name": "museum_visit.visitor", "count":6}, 
{"name": "music_1.artist", "count":6}, 
{"name": "music_1.files", "count":6}, 
{"name": "music_1.genre", "count":6}, 
{"name": "music_1.song", "count":6}, 
{"name": "music_4.artist", "count":7}, 
{"name": "music_4.music_festival", "count":9}, 
{"name": "music_4.volume", "count":10}, 
{"name": "musical.actor", "count":9}, 
{"name": "musical.musical", "count":7}, 
{"name": "network_1.Highschooler", "count":16}, 
{"name": "network_2.Person", "count":4}, 
{"name": "news_report.event", "count":5}, 
{"name": "news_report.journalist", "count":11}, 
{"name": "orchestra.conductor", "count":12}, 
{"name": "orchestra.orchestra", "count":12}, 
{"name": "orchestra.performance", "count":11}, 
{"name": "orchestra.show", "count":5}, 
{"name": "party_host.host", "count":10}, 
{"name": "party_host.party", "count":8}, 
{"name": "party_people.member", "count":15}, 
{"name": "party_people.party", "count":5}, 
{"name": "party_people.party_events", "count":8}, 
{"name": "party_people.region", "count":5}, 
{"name": "performance_attendance.member", "count":11}, 
{"name": "performance_attendance.member_attendance", "count":8}, 
{"name": "performance_attendance.performance", "count":6}, 
{"name": "perpetrator.people", "count":11}, 
{"name": "perpetrator.perpetrator", "count":5}, 
{"name": "pets_1.Pets", "count":3}, 
{"name": "pets_1.Student", "count":34}, 
{"name": "phone_1.chip_model", "count":14}, 
{"name": "phone_1.phone", "count":8}, 
{"name": "phone_1.screen_mode", "count":7}, 
{"name": "phone_market.market", "count":6}, 
{"name": "phone_market.phone", "count":5}, 
{"name": "phone_market.phone_market", "count":6}, 
{"name": "pilot_record.aircraft", "count":7}, 
{"name": "pilot_record.pilot", "count":5}, 
{"name": "poker_player.people", "count":7}, 
{"name": "poker_player.poker_player", "count":5}, 
{"name": "product_catalog.Attribute_Definitions", "count":4}, 
{"name": "product_catalog.Catalog_Contents", "count":15}, 
{"name": "product_catalog.Catalog_Structure", "count":3}, 
{"name": "product_catalog.Catalogs", "count":8}, 
{"name": "products_for_hire.Bookings", "count":15}, 
{"name": "products_for_hire.Customers", "count":15}, 
{"name": "products_for_hire.Discount_Coupons", "count":15}, 
{"name": "products_for_hire.Payments", "count":15}, 
{"name": "products_for_hire.Products_for_Hire", "count":5}, 
{"name": "products_for_hire.View_Product_Availability", "count":4}, 
{"name": "products_gen_characteristics.Characteristics", "count":15}, 
{"name": "products_gen_characteristics.Products", "count":15}, 
{"name": "products_gen_characteristics.Ref_Characteristic_Types", "count":2}, 
{"name": "products_gen_characteristics.Ref_Colors", "count":8}, 
{"name": "products_gen_characteristics.Ref_Product_Categories", "count":3}, 
{"name": "program_share.channel", "count":10}, 
{"name": "program_share.program", "count":5}, 
{"name": "protein_institute.Institution", "count":11}, 
{"name": "protein_institute.building", "count":8}, 
{"name": "protein_institute.protein", "count":5}, 
{"name": "race_track.race", "count":7}, 
{"name": "race_track.track", "count":9}, 
{"name": "railway.manager", "count":7}, 
{"name": "railway.railway", "count":10}, 
{"name": "railway.train", "count":9}, 
{"name": "real_estate_properties.Other_Available_Features", "count":3}, 
{"name": "real_estate_properties.Properties", "count":15}, 
{"name": "real_estate_properties.Ref_Feature_Types", "count":2}, 
{"name": "real_estate_properties.Ref_Property_Types", "count":5}, 
{"name": "restaurant_1.Restaurant", "count":2}, 
{"name": "restaurant_1.Restaurant_Type", "count":2}, 
{"name": "restaurant_1.Student", "count":34}, 
{"name": "riding_club.club", "count":6}, 
{"name": "riding_club.coach", "count":5}, 
{"name": "riding_club.match_result", "count":6}, 
{"name": "riding_club.player", "count":14}, 
{"name": "roller_coaster.country", "count":3}, 
{"name": "roller_coaster.roller_coaster", "count":6}, 
{"name": "school_bus.driver", "count":12}, 
{"name": "school_bus.school", "count":7}, 
{"name": "school_finance.School", "count":8}, 
{"name": "school_finance.budget", "count":8}, 
{"name": "school_finance.endowment", "count":11}, 
{"name": "school_player.player", "count":23}, 
{"name": "school_player.school", "count":6}, 
{"name": "school_player.school_details", "count":6}, 
{"name": "school_player.school_performance", "count":22}, 
{"name": "scientist_1.Projects", "count":14}, 
{"name": "scientist_1.Scientists", "count":12}, 
{"name": "ship_1.Ship", "count":9}, 
{"name": "ship_1.captain", "count":7}, 
{"name": "ship_mission.mission", "count":7}, 
{"name": "ship_mission.ship", "count":8}, 
{"name": "shop_membership.branch", "count":8}, 
{"name": "shop_membership.member", "count":10}, 
{"name": "shop_membership.membership_register_branch", "count":8}, 
{"name": "shop_membership.purchase", "count":8}, 
{"name": "singer.singer", "count":8}, 
{"name": "singer.song", "count":8}, 
{"name": "small_bank_1.ACCOUNTS", "count":7}, 
{"name": "small_bank_1.CHECKING", "count":7}, 
{"name": "small_bank_1.SAVINGS", "count":6}, 
{"name": "soccer_2.College", "count":4}, 
{"name": "soccer_2.Player", "count":6}, 
{"name": "solvency_ii.Addresses", "count":15}, 
{"name": "solvency_ii.Agreements", "count":15}, 
{"name": "solvency_ii.Assets", "count":3}, 
{"name": "solvency_ii.Channels", "count":15}, 
{"name": "solvency_ii.Events", "count":15}, 
{"name": "solvency_ii.Finances", "count":15}, 
{"name": "solvency_ii.Locations", "count":15}, 
{"name": "solvency_ii.Parties", "count":7}, 
{"name": "solvency_ii.Products", "count":15}, 
{"name": "solvency_ii.Products_in_Events", "count":15}, 
{"name": "sports_competition.club", "count":6}, 
{"name": "sports_competition.club_rank", "count":6}, 
{"name": "sports_competition.competition", "count":11}, 
{"name": "sports_competition.competition_result", "count":6}, 
{"name": "sports_competition.player", "count":15}, 
{"name": "station_weather.station", "count":11}, 
{"name": "station_weather.train", "count":11}, 
{"name": "station_weather.weekly_weather", "count":16}, 
{"name": "store_product.district", "count":15}, 
{"name": "store_product.product", "count":6}, 
{"name": "store_product.store", "count":5}, 
{"name": "store_product.store_district", "count":5}, 
{"name": "storm_record.affected_region", "count":6}, 
{"name": "storm_record.region", "count":13}, 
{"name": "storm_record.storm", "count":10}, 
{"name": "student_1.list", "count":60}, 
{"name": "student_1.teachers", "count":12}, 
{"name": "student_assessment.Addresses", "count":15}, 
{"name": "student_assessment.Candidate_Assessments", "count":5}, 
{"name": "student_assessment.Candidates", "count":8}, 
{"name": "student_assessment.Courses", "count":6}, 
{"name": "student_assessment.People", "count":8}, 
{"name": "student_assessment.People_Addresses", "count":8}, 
{"name": "student_assessment.Student_Course_Attendance", "count":8}, 
{"name": "student_assessment.Student_Course_Registrations", "count":9}, 
{"name": "student_assessment.Students", "count":8}, 
{"name": "student_transcripts_tracking.Addresses", "count":15}, 
{"name": "student_transcripts_tracking.Courses", "count":15}, 
{"name": "student_transcripts_tracking.Degree_Programs", "count":15}, 
{"name": "student_transcripts_tracking.Departments", "count":15}, 
{"name": "student_transcripts_tracking.Sections", "count":15}, 
{"name": "student_transcripts_tracking.Semesters", "count":15}, 
{"name": "student_transcripts_tracking.Student_Enrolment", "count":15}, 
{"name": "student_transcripts_tracking.Student_Enrolment_Courses", "count":15}, 
{"name": "student_transcripts_tracking.Students", "count":15}, 
{"name": "student_transcripts_tracking.Transcripts", "count":15}, 
{"name": "swimming.event", "count":6}, 
{"name": "swimming.stadium", "count":10}, 
{"name": "swimming.swimmer", "count":8}, 
{"name": "theme_gallery.artist", "count":7}, 
{"name": "theme_gallery.exhibition", "count":6}, 
{"name": "theme_gallery.exhibition_record", "count":13}, 
{"name": "tracking_grants_for_research.Document_Types", "count":2}, 
{"name": "tracking_grants_for_research.Documents", "count":15}, 
{"name": "tracking_grants_for_research.Grants", "count":15}, 
{"name": "tracking_grants_for_research.Organisation_Types", "count":2}, 
{"name": "tracking_grants_for_research.Organisations", "count":15}, 
{"name": "tracking_grants_for_research.Project_Staff", "count":15}, 
{"name": "tracking_grants_for_research.Projects", "count":15}, 
{"name": "tracking_grants_for_research.Research_Outcomes", "count":2}, 
{"name": "tracking_grants_for_research.Research_Staff", "count":15}, 
{"name": "tracking_grants_for_research.Staff_Roles", "count":2}, 
{"name": "tracking_grants_for_research.Tasks", "count":15}, 
{"name": "tracking_orders.Customers", "count":15}, 
{"name": "tracking_orders.Invoices", "count":15}, 
{"name": "tracking_orders.Order_Items", "count":15}, 
{"name": "tracking_orders.Orders", "count":15}, 
{"name": "tracking_orders.Products", "count":15}, 
{"name": "tracking_orders.Shipments", "count":15}, 
{"name": "tracking_share_transactions.Investors", "count":20}, 
{"name": "tracking_share_transactions.Lots", "count":15}, 
{"name": "tracking_share_transactions.Purchases", "count":15}, 
{"name": "tracking_share_transactions.Ref_Transaction_Types", "count":2}, 
{"name": "tracking_share_transactions.Sales", "count":15}, 
{"name": "tracking_share_transactions.Transactions", "count":15}, 
{"name": "tracking_software_problems.Problem_Category_Codes", "count":3}, 
{"name": "tracking_software_problems.Problem_Log", "count":15}, 
{"name": "tracking_software_problems.Problem_Status_Codes", "count":2}, 
{"name": "tracking_software_problems.Problems", "count":15}, 
{"name": "tracking_software_problems.Product", "count":15}, 
{"name": "tracking_software_problems.Staff", "count":15}, 
{"name": "train_station.station", "count":12}, 
{"name": "train_station.train", "count":11}, 
{"name": "tvshow.Cartoon", "count":12}, 
{"name": "tvshow.TV_Channel", "count":15}, 
{"name": "tvshow.TV_series", "count":12}, 
{"name": "twitter_1.tweets", "count":8}, 
{"name": "twitter_1.user_profiles", "count":7}, 
{"name": "university_basketball.basketball_match", "count":4}, 
{"name": "university_basketball.university", "count":5}, 
{"name": "voter_1.AREA_CODE_STATE", "count":305}, 
{"name": "voter_1.CONTESTANTS", "count":11}, 
{"name": "voter_1.VOTES", "count":4}, 
{"name": "voter_2.Student", "count":34}, 
{"name": "voter_2.Voting_record", "count":10}, 
{"name": "wedding.church", "count":9}, 
{"name": "wedding.people", "count":12}, 
{"name": "wedding.wedding", "count":4}, 
{"name": "wine_1.appellations", "count":57}, 
{"name": "wine_1.grapes", "count":20}, 
{"name": "workshop_paper.submission", "count":10}, 
{"name": "workshop_paper.workshop", "count":6}, 
{"name": "wrestler.Elimination", "count":6}, 
{"name": "wrestler.wrestler", "count":10},
{"count":15, "type": "product_catalog.Catalog_contents_HAS_product_catalog.Catalog_structure", "in":15, "out":15}, 
{"count":5, "type": "school_bus.school_bus", "in":5, "out":5}, 
{"count":9, "type": "hospital_1.Prescribes_HAS_hospital_1.Physician", "in":3, "out":9}, 
{"count":2, "type": "restaurant_1.Visits_Restaurant", "in":2, "out":2}, 
{"count":18, "type": "sports_competition.Competition_result_HAS_sports_competition.Club", "in":6, "out":18}, 
{"count":15, "type": "cre_Theme_park.Photos_HAS_cre_Theme_park.Tourist_attractions", "in":15, "out":15}, 
{"count":17, "type": "county_public_safety.City_HAS_county_public_safety.County_public_safety", "in":17, "out":17}, 
{"count":13, "type": "local_govt_and_lot.Customer_events_HAS_local_govt_and_lot.Customers", "in":13, "out":13}, 
{"count":13, "type": "battle_death.Death_HAS_battle_death.Ship", "in":13, "out":13}, 
{"count":15, "type": "dog_kennels.Dogs_HAS_dog_kennels.Sizes", "in":15, "out":15}, 
{"count":10, "type": "insurance_fnol.Settlements_HAS_insurance_fnol.Claims", "in":10, "out":10}, 
{"count":6, "type": "party_host.party_host", "in":6, "out":6}, 
{"count":15, "type": "customer_deliveries.Employees_HAS_customer_deliveries.Addresses", "in":15, "out":15}, 
{"count":27, "type": "machine_repair.Repair_assignment_HAS_machine_repair.Technician", "in":9, "out":27}, 
{"count":15, "type": "department_store.Customer_Addresses", "in":15, "out":15}, 
{"count":15, "type": "solvency_ii.Events_HAS_solvency_ii.Finances", "in":15, "out":15}, 
{"count":60, "type": "customer_deliveries.Order_deliveries_HAS_customer_deliveries.Trucks", "in":15, "out":60}, 
{"count":3, "type": "pets_1.Has_Pet", "in":3, "out":3}, 
{"count":36, "type": "customer_complaints.Complaints_HAS_customer_complaints.Staff", "in":12, "out":36}, 
{"count":20, "type": "cre_Theme_park.Staff_HAS_cre_Theme_park.Tourist_attractions", "in":20, "out":20}, 
{"count":20, "type": "customers_and_addresses.Customer_contact_channels_HAS_customers_and_addresses.Customers", "in":20, "out":20}, 
{"count":15, "type": "driving_school.Lessons_HAS_driving_school.Customers", "in":15, "out":15}, 
{"count":10, "type": "climbing.Climber_HAS_climbing.Mountain", "in":10, "out":10}, 
{"count":8, "type": "performance_attendance.Member_attendance_HAS_performance_attendance.Member", "in":8, "out":8}, 
{"count":31, "type": "dorm_1.Lives_in_HAS_dorm_1.Student", "in":31, "out":31}, 
{"count":15, "type": "department_store.Department_stores_HAS_department_store.Department_store_chain", "in":15, "out":15}, 
{"count":9, "type": "musical.Actor_HAS_musical.Musical", "in":9, "out":9}, 
{"count":12, "type": "products_for_hire.Products_Booked", "in":12, "out":12}, 
{"count":10, "type": "game_1.Plays_Games", "in":10, "out":10}, 
{"count":6, "type": "entertainment_awards.nomination", "in":6, "out":6}, 
{"count":15, "type": "behavior_monitoring.Teachers_HAS_behavior_monitoring.Addresses", "in":15, "out":15}, 
{"count":766, "type": "Part_Of", "in":766, "out":766}, 
{"count":15, "type": "student_transcripts_tracking.Transcript_Contents", "in":15, "out":15}, 
{"count":1113, "type": "csu_1.Enrollments_HAS_csu_1.Campuses", "in":1113, "out":1113}, 
{"count":12, "type": "product_catalog.Catalog_Contents_Additional_Attributes", "in":12, "out":12}, 
{"count":8, "type": "solvency_ii.Assets_in_Events", "in":8, "out":8}, 
{"count":9, "type": "epinions_1.trust", "in":9, "out":9}, 
{"count":15, "type": "e_government.Party_Addresses", "in":15, "out":15}, 
{"count":23, "type": "csu_1.Csu_fees_HAS_csu_1.Campuses", "in":23, "out":23}, 
{"count":2, "type": "local_govt_mdm.Parking_fines_HAS_local_govt_mdm.Cmi_cross_references", "in":2, "out":2}, 
{"count":15, "type": "customers_and_addresses.Customer_orders_HAS_customers_and_addresses.Customers", "in":15, "out":15}, 
{"count":15, "type": "e_government.Organization_Contact_Individuals", "in":15, "out":15}, 
{"count":6, "type": "pilot_record.pilot_record", "in":6, "out":6}, 
{"count":15, "type": "tracking_grants_for_research.Grants_HAS_tracking_grants_for_research.Organisations", "in":15, "out":15}, 
{"count":6, "type": "soccer_2.Tryout", "in":6, "out":6}, 
{"count":15, "type": "tracking_grants_for_research.Projects_HAS_tracking_grants_for_research.Organisations", "in":15, "out":15}, 
{"count":36, "type": "customer_complaints.Complaints_HAS_customer_complaints.Staff", "in":12, "out":36}, 
{"count":14, "type": "customer_deliveries.Actual_Order_Products", "in":14, "out":14}, 
{"count":45, "type": "customers_and_invoices.Invoice_line_items_HAS_customers_and_invoices.Order_items", "in":15, "out":45}, 
{"count":6, "type": "course_teach.course_arrange", "in":6, "out":6}, 
{"count":69, "type": "flight_1.certificate", "in":69, "out":69}, 
{"count":15, "type": "tracking_grants_for_research.Organisations_HAS_tracking_grants_for_research.Organisation_types", "in":15, "out":15}, 
{"count":15, "type": "local_govt_and_lot.Things_HAS_local_govt_and_lot.Organizations", "in":15, "out":15}, 
{"count":7, "type": "ship_1.Captain_HAS_ship_1.Ship", "in":7, "out":7}, 
{"count":23, "type": "school_player.Player_HAS_school_player.School", "in":23, "out":23}, 
{"count":15, "type": "products_gen_characteristics.Characteristics_HAS_products_gen_characteristics.Ref_characteristic_types", "in":15, "out":15}, 
{"count":15, "type": "local_govt_and_lot.Services_HAS_local_govt_and_lot.Organizations", "in":15, "out":15}, 
{"count":15, "type": "driving_school.Lessons_HAS_driving_school.Vehicles", "in":15, "out":15}, 
{"count":9, "type": "twitter_1.follows", "in":9, "out":9}, 
{"count":15, "type": "tracking_software_problems.Problems_HAS_tracking_software_problems.Product", "in":15, "out":15}, 
{"count":7, "type": "battle_death.Ship_HAS_battle_death.Battle", "in":7, "out":7}, 
{"count":15, "type": "customers_and_addresses.Customer_Addresses", "in":15, "out":15}, 
{"count":6, "type": "local_govt_mdm.Electoral_register_HAS_local_govt_mdm.Cmi_cross_references", "in":6, "out":6}, 
{"count":45, "type": "behavior_monitoring.Students_in_detention_HAS_behavior_monitoring.Behavior_incident", "in":15, "out":45}, 
{"count":18, "type": "local_govt_in_alabama.Participants_in_Events", "in":18, "out":18}, 
{"count":15, "type": "insurance_policies.Claims_HAS_insurance_policies.Customer_policies", "in":15, "out":15}, 
{"count":14, "type": "products_gen_characteristics.Product_Characteristics", "in":14, "out":14}, 
{"count":4, "type": "university_basketball.Basketball_match_HAS_university_basketball.University", "in":4, "out":4}, 
{"count":15, "type": "tracking_software_problems.Problem_log_HAS_tracking_software_problems.Staff", "in":15, "out":15}, 
{"count":15, "type": "tracking_share_transactions.Lots_HAS_tracking_share_transactions.Investors", "in":15, "out":15}, 
{"count":30, "type": "hr_1.Job_history_HAS_hr_1.Employees", "in":10, "out":30}, 
{"count":15, "type": "insurance_and_eClaims.Claim_headers_HAS_insurance_and_eClaims.Policies", "in":15, "out":15}, 
{"count":406, "type": "car_1.Cars_data_HAS_car_1.Car_names", "in":406, "out":406}, 
{"count":7, "type": "riding_club.player_coach", "in":7, "out":7}, 
{"count":13, "type": "insurance_and_eClaims.Claims_Documents", "in":13, "out":13}, 
{"count":15, "type": "customers_campaigns_ecommerce.Customer_orders_HAS_customers_campaigns_ecommerce.Customers", "in":15, "out":15}, 
{"count":15, "type": "tracking_share_transactions.Transactions_Lots", "in":15, "out":15}, 
{"count":6, "type": "farm.Farm_competition_HAS_farm.City", "in":6, "out":6}, 
{"count":8, "type": "twitter_1.Tweets_HAS_twitter_1.User_profiles", "in":8, "out":8}, 
{"count":4, "type": "local_govt_mdm.Rent_arrears_HAS_local_govt_mdm.Cmi_cross_references", "in":4, "out":4}, 
{"count":15, "type": "customers_and_invoices.Products_HAS_customers_and_invoices.Product_categories", "in":15, "out":15}, 
{"count":15, "type": "cre_Doc_Template_Mgt.Documents_HAS_cre_Doc_Template_Mgt.Templates", "in":15, "out":15}, 
{"count":13, "type": "swimming.record", "in":13, "out":13}, 
{"count":15, "type": "driving_school.Lessons_HAS_driving_school.Staff", "in":15, "out":15}, 
{"count":15, "type": "tracking_grants_for_research.Research_staff_HAS_tracking_grants_for_research.Organisations", "in":15, "out":15}, 
{"count":5, "type": "perpetrator.Perpetrator_HAS_perpetrator.People", "in":5, "out":5}, 
{"count":6, "type": "museum_visit.Visit_HAS_museum_visit.Museum", "in":6, "out":6}, 
{"count":4, "type": "department_store.Supplier_Addresses", "in":4, "out":4}, 
{"count":15, "type": "assets_maintenance.Fault_Log_Parts", "in":15, "out":15}, 
{"count":5, "type": "department_management.management", "in":5, "out":5}, 
{"count":9, "type": "railway.Train_HAS_railway.Railway", "in":9, "out":9}, 
{"count":6, "type": "music_1.Song_HAS_music_1.Files", "in":6, "out":6}, 
{"count":6, "type": "entrepreneur.Entrepreneur_HAS_entrepreneur.People", "in":6, "out":6}, 
{"count":8, "type": "singer.Song_HAS_singer.Singer", "in":8, "out":8}, 
{"count":15, "type": "customer_deliveries.Customer_Addresses", "in":15, "out":15}, 
{"count":13, "type": "local_govt_and_lot.Customer_event_notes_HAS_local_govt_and_lot.Customer_events", "in":13, "out":13}, 
{"count":6, "type": "music_1.Song_HAS_music_1.Genre", "in":6, "out":6}, 
{"count":18, "type": "cre_Theme_park.Tourist_Attraction_Features", "in":18, "out":18}, 
{"count":15, "type": "insurance_policies.Customer_policies_HAS_insurance_policies.Customers", "in":15, "out":15}, 
{"count":16, "type": "station_weather.Weekly_weather_HAS_station_weather.Station", "in":16, "out":16}, 
{"count":20, "type": "cre_Doc_Template_Mgt.Templates_HAS_cre_Doc_Template_Mgt.Ref_template_types", "in":20, "out":20}, 
{"count":15, "type": "customer_deliveries.Actual_orders_HAS_customer_deliveries.Regular_orders", "in":15, "out":15}, 
{"count":3, "type": "real_estate_properties.Other_available_features_HAS_real_estate_properties.Ref_feature_types", "in":3, "out":3}, 
{"count":13, "type": "assets_maintenance.Skills_Required_To_Fix", "in":13, "out":13}, 
{"count":15, "type": "real_estate_properties.Properties_HAS_real_estate_properties.Ref_property_types", "in":15, "out":15}, 
{"count":14, "type": "insurance_fnol.Customers_Policies", "in":14, "out":14}, 
{"count":15, "type": "customer_deliveries.Regular_Order_Products", "in":15, "out":15}, 
{"count":5, "type": "party_people.Party_HAS_party_people.Region", "in":5, "out":5}, 
{"count":15, "type": "customers_and_invoices.Accounts_HAS_customers_and_invoices.Customers", "in":15, "out":15}, 
{"count":15, "type": "store_product.store_product", "in":15, "out":15}, 
{"count":14, "type": "game_1.Sportsinfo_HAS_game_1.Student", "in":14, "out":14}, 
{"count":11, "type": "college_1.Department_HAS_college_1.Employee", "in":11, "out":11}, 
{"count":15, "type": "driving_school.Staff_HAS_driving_school.Addresses", "in":15, "out":15}, 
{"count":14, "type": "assets_maintenance.Asset_Parts", "in":14, "out":14}, 
{"count":15, "type": "tracking_orders.Shipment_Items", "in":15, "out":15}, 
{"count":6, "type": "decoration_competition.Round_HAS_decoration_competition.Member", "in":6, "out":6}, 
{"count":405, "type": "car_1.Car_names_HAS_car_1.Model_list", "in":405, "out":405}, 
{"count":45, "type": "customers_and_invoices.Invoice_line_items_HAS_customers_and_invoices.Order_items", "in":15, "out":45}, 
{"count":1, "type": "allergy_1.Has_allergy_HAS_allergy_1.Student", "in":1, "out":1}, 
{"count":3, "type": "loan_1.Customer_HAS_loan_1.Bank", "in":3, "out":3}, 
{"count":42, "type": "icfp_1.Authorship_HAS_icfp_1.Authors", "in":14, "out":42}, 
{"count":15, "type": "customers_and_invoices.Orders_HAS_customers_and_invoices.Customers", "in":15, "out":15}, 
{"count":14, "type": "customers_and_invoices.Financial_Transactions", "in":14, "out":14}, 
{"count":320, "type": "csu_1.Degrees_HAS_csu_1.Campuses", "in":320, "out":320}, 
{"count":11, "type": "local_govt_and_lot.Residents_services_HAS_local_govt_and_lot.Services", "in":11, "out":11}, 
{"count":11, "type": "manufactory_1.Products_HAS_manufactory_1.Manufacturers", "in":11, "out":11}, 
{"count":21, "type": "local_govt_mdm.Cmi_cross_references_HAS_local_govt_mdm.Customer_master_index", "in":21, "out":21}, 
{"count":6, "type": "gas_company.station_company", "in":6, "out":6}, 
{"count":12, "type": "farm.competition_record", "in":12, "out":12}, 
{"count":15, "type": "solvency_ii.Agreements_HAS_solvency_ii.Events", "in":15, "out":15}, 
{"count":15, "type": "e_government.Party_Services", "in":15, "out":15}, 
{"count":15, "type": "student_transcripts_tracking.Student_enrolment_HAS_student_transcripts_tracking.Semesters", "in":15, "out":15}, 
{"count":9, "type": "music_4.Music_festival_HAS_music_4.Volume", "in":9, "out":9}, 
{"count":18, "type": "customers_and_products_contacts.Customer_Address_History", "in":18, "out":18}, 
{"count":15, "type": "document_management.Users_HAS_document_management.Roles", "in":15, "out":15}, 
{"count":19, "type": "medicine_enzyme_interaction.medicine_enzyme_interaction", "in":19, "out":19}, 
{"count":6, "type": "music_1.Song_HAS_music_1.Artist", "in":6, "out":6}, 
{"count":124, "type": "college_3.Enrolled_in", "in":124, "out":124}, 
{"count":15, "type": "insurance_policies.Payments_HAS_insurance_policies.Settlements", "in":15, "out":15}, 
{"count":15, "type": "solvency_ii.Events_HAS_solvency_ii.Addresses", "in":15, "out":15}, 
{"count":14, "type": "behavior_monitoring.Assessment_Notes", "in":14, "out":14}, 
{"count":7, "type": "news_report.news_report", "in":7, "out":7}, 
{"count":12, "type": "orchestra.Orchestra_HAS_orchestra.Conductor", "in":12, "out":12}, 
{"count":12, "type": "real_estate_properties.Other_Property_Features", "in":12, "out":12}, 
{"count":14, "type": "customers_and_products_contacts.Order_Items", "in":14, "out":14}, 
{"count":15, "type": "hospital_1.Trained_In", "in":15, "out":15}, 
{"count":6, "type": "theme_gallery.Exhibition_HAS_theme_gallery.Artist", "in":6, "out":6}, 
{"count":11, "type": "cre_Doc_Tracking_DB.Documents_to_be_destroyed_HAS_cre_Doc_Tracking_DB.All_documents", "in":11, "out":11}, 
{"count":10, "type": "college_3.Minor_in", "in":10, "out":10}, 
{"count":30, "type": "hr_1.Job_history_HAS_hr_1.Employees", "in":10, "out":30}, 
{"count":6, "type": "riding_club.Match_result_HAS_riding_club.Club", "in":6, "out":6}, 
{"count":15, "type": "tracking_grants_for_research.Tasks_HAS_tracking_grants_for_research.Projects", "in":15, "out":15}, 
{"count":13, "type": "theme_gallery.Exhibition_record_HAS_theme_gallery.Exhibition", "in":13, "out":13}, 
{"count":58, "type": "allergy_1.Has_Allergy", "in":58, "out":58}, 
{"count":8, "type": "student_assessment.Students_HAS_student_assessment.People", "in":8, "out":8}, 
{"count":3, "type": "cre_Theme_park.Theme_parks_HAS_cre_Theme_park.Tourist_attractions", "in":3, "out":3}, 
{"count":6, "type": "workshop_paper.Acceptance", "in":6, "out":6}, 
{"count":45, "type": "behavior_monitoring.Students_in_detention_HAS_behavior_monitoring.Behavior_incident", "in":15, "out":45}, 
{"count":15, "type": "customers_and_products_contacts.Customer_orders_HAS_customers_and_products_contacts.Customers", "in":15, "out":15}, 
{"count":5, "type": "riding_club.Coach_HAS_riding_club.Club", "in":5, "out":5}, 
{"count":15, "type": "tracking_software_problems.Problem_log_HAS_tracking_software_problems.Problems", "in":15, "out":15}, 
{"count":15, "type": "apartment_rentals.Apartments_HAS_apartment_rentals.Apartment_buildings", "in":15, "out":15}, 
{"count":15, "type": "solvency_ii.Events_HAS_solvency_ii.Locations", "in":15, "out":15}, 
{"count":70, "type": "activity_1.Participates_in", "in":70, "out":70}, 
{"count":15, "type": "tracking_orders.Orders_HAS_tracking_orders.Customers", "in":15, "out":15}, 
{"count":20, "type": "game_injury.Game_HAS_game_injury.Stadium", "in":20, "out":20}, 
{"count":11, "type": "train_station.train_station", "in":11, "out":11}, 
{"count":29, "type": "hospital_1.Undergoes_HAS_hospital_1.Patient", "in":6, "out":29}, 
{"count":6, "type": "college_1.Student_HAS_college_1.Department", "in":6, "out":6}, 
{"count":2, "type": "cre_Drama_Workshop_Groups.Invoice_items_HAS_cre_Drama_Workshop_Groups.Invoices", "in":2, "out":2}, 
{"count":12, "type": "cre_Drama_Workshop_Groups.Bookings_Services", "in":12, "out":12}, 
{"count":42, "type": "icfp_1.Authorship_HAS_icfp_1.Authors", "in":14, "out":42}, 
{"count":15, "type": "car_1.Countries_HAS_car_1.Continents", "in":15, "out":15}, 
{"count":15, "type": "assets_maintenance.Maintenance_engineers_HAS_assets_maintenance.Third_party_companies", "in":15, "out":15}, 
{"count":6, "type": "school_player.School_details_HAS_school_player.School", "in":6, "out":6}, 
{"count":15, "type": "customers_and_invoices.Invoices_HAS_customers_and_invoices.Orders", "in":15, "out":15}, 
{"count":15, "type": "dog_kennels.Dogs_HAS_dog_kennels.Owners", "in":15, "out":15}, 
{"count":6, "type": "swimming.Event_HAS_swimming.Stadium", "in":6, "out":6}, 
{"count":15, "type": "products_for_hire.Customers_HAS_products_for_hire.Discount_coupons", "in":15, "out":15}, 
{"count":29, "type": "hospital_1.Undergoes_HAS_hospital_1.Patient", "in":6, "out":29}, 
{"count":15, "type": "local_govt_in_alabama.Events_HAS_local_govt_in_alabama.Services", "in":15, "out":15}, 
{"count":25, "type": "hr_1.Countries_HAS_hr_1.Regions", "in":25, "out":25}, 
{"count":15, "type": "game_injury.Injury_accident_HAS_game_injury.Game", "in":15, "out":15}, 
{"count":2, "type": "cre_Theme_park.Royal_family_HAS_cre_Theme_park.Tourist_attractions", "in":2, "out":2}, 
{"count":15, "type": "student_transcripts_tracking.Student_enrolment_HAS_student_transcripts_tracking.Degree_programs", "in":15, "out":15}, 
{"count":4, "type": "hospital_1.Patient_HAS_hospital_1.Physician", "in":4, "out":4}, 
{"count":8, "type": "student_assessment.Candidates_HAS_student_assessment.People", "in":8, "out":8}, 
{"count":15, "type": "cre_Doc_Control_Systems.Documents_HAS_cre_Doc_Control_Systems.Ref_document_types", "in":15, "out":15}, 
{"count":15, "type": "cre_Drama_Workshop_Groups.Invoices_HAS_cre_Drama_Workshop_Groups.Ref_payment_methods", "in":15, "out":15}, 
{"count":2, "type": "cre_Drama_Workshop_Groups.Invoice_items_HAS_cre_Drama_Workshop_Groups.Order_items", "in":2, "out":2}, 
{"count":15, "type": "e_learning.Student_tests_taken_HAS_e_learning.Student_course_enrolment", "in":15, "out":15}, 
{"count":13, "type": "local_govt_and_lot.Customer_events_HAS_local_govt_and_lot.Things", "in":13, "out":13}, 
{"count":149, "type": "wine_1.wine", "in":149, "out":149}, 
{"count":9, "type": "browser_web.accelerator_compatible_browser", "in":9, "out":9}, 
{"count":15, "type": "local_govt_and_lot.Residents_HAS_local_govt_and_lot.Properties", "in":15, "out":15}, 
{"count":9, "type": "hospital_1.Appointment_HAS_hospital_1.Patient", "in":9, "out":9}, 
{"count":15, "type": "debate.Debate_people_HAS_debate.Debate", "in":5, "out":15}, 
{"count":6, "type": "candidate_poll.Candidate_HAS_candidate_poll.People", "in":6, "out":6}, 
{"count":7, "type": "ship_mission.Mission_HAS_ship_mission.Ship", "in":7, "out":7}, 
{"count":6, "type": "cre_Doc_Control_Systems.Employees_HAS_cre_Doc_Control_Systems.Roles", "in":6, "out":6}, 
{"count":6, "type": "college_1.Course_HAS_college_1.Department", "in":6, "out":6}, 
{"count":29, "type": "hospital_1.Undergoes_HAS_hospital_1.Patient", "in":5, "out":29}, 
{"count":15, "type": "cre_Doc_Control_Systems.Documents_HAS_cre_Doc_Control_Systems.Ref_shipping_agents", "in":15, "out":15}, 
{"count":15, "type": "insurance_and_eClaims.Policies_HAS_insurance_and_eClaims.Customers", "in":15, "out":15}, 
{"count":30, "type": "hr_1.Job_history_HAS_hr_1.Employees", "in":10, "out":30}, 
{"count":10, "type": "insurance_fnol.Claims_HAS_insurance_fnol.First_notification_of_loss", "in":10, "out":10}, 
{"count":9, "type": "student_assessment.Student_course_registrations_HAS_student_assessment.Students", "in":9, "out":9}, 
{"count":7, "type": "book_2.Publication_HAS_book_2.Book", "in":7, "out":7}, 
{"count":10, "type": "match_season.Player_HAS_match_season.Team", "in":10, "out":10}, 
{"count":15, "type": "student_transcripts_tracking.Sections_HAS_student_transcripts_tracking.Courses", "in":15, "out":15}, 
{"count":27, "type": "machine_repair.Repair_assignment_HAS_machine_repair.Technician", "in":9, "out":27}, 
{"count":12, "type": "wedding.Wedding_HAS_wedding.Church", "in":4, "out":12}, 
{"count":15, "type": "behavior_monitoring.Students_HAS_behavior_monitoring.Addresses", "in":15, "out":15}, 
{"count":4, "type": "network_2.PersonFriend", "in":4, "out":4}, 
{"count":18, "type": "sports_competition.Competition_result_HAS_sports_competition.Club", "in":12, "out":18}, 
{"count":15, "type": "assets_maintenance.Engineer_visits_HAS_assets_maintenance.Maintenance_engineers", "in":15, "out":15}, 
{"count":15, "type": "tracking_share_transactions.Purchases_HAS_tracking_share_transactions.Transactions", "in":15, "out":15}, 
{"count":36, "type": "customer_complaints.Complaints_HAS_customer_complaints.Staff", "in":12, "out":36}, 
{"count":12, "type": "cre_Doc_Tracking_DB.Document_Locations", "in":12, "out":12}, 
{"count":15, "type": "products_for_hire.Bookings_HAS_products_for_hire.Customers", "in":15, "out":15}, 
{"count":9, "type": "hospital_1.Prescribes_HAS_hospital_1.Physician", "in":3, "out":9}, 
{"count":22, "type": "college_1.PROFESSOR", "in":22, "out":22}, 
{"count":15, "type": "driving_school.Customers_HAS_driving_school.Addresses", "in":15, "out":15}, 
{"count":15, "type": "cre_Doc_Control_Systems.Document_drafts_HAS_cre_Doc_Control_Systems.Documents", "in":15, "out":15}, 
{"count":11, "type": "program_share.broadcast", "in":11, "out":11}, 
{"count":18, "type": "local_govt_and_lot.Timed_status_of_things_HAS_local_govt_and_lot.Things", "in":18, "out":18}, 
{"count":6, "type": "music_1.Files_HAS_music_1.Artist", "in":6, "out":6}, 
{"count":8, "type": "shop_membership.Purchase_HAS_shop_membership.Member", "in":8, "out":8}, 
{"count":10, "type": "flight_1.Flight_HAS_flight_1.Aircraft", "in":10, "out":10}, 
{"count":12, "type": "customers_and_addresses.Order_Items", "in":12, "out":12}, 
{"count":14, "type": "cre_Doc_Control_Systems.Documents_Mailed", "in":14, "out":14}, 
{"count":2, "type": "restaurant_1.Type_Of_Restaurant", "in":2, "out":2}, 
{"count":45, "type": "customers_and_invoices.Invoice_line_items_HAS_customers_and_invoices.Order_items", "in":15, "out":45}, 
{"count":15, "type": "student_transcripts_tracking.Degree_programs_HAS_student_transcripts_tracking.Departments", "in":15, "out":15}, 
{"count":15, "type": "tracking_software_problems.Problem_log_HAS_tracking_software_problems.Problem_category_codes", "in":15, "out":15}, 
{"count":12, "type": "scientist_1.AssignedTo", "in":12, "out":12}, 
{"count":15, "type": "dog_kennels.Treatments_HAS_dog_kennels.Professionals", "in":15, "out":15}, 
{"count":13, "type": "e_government.Party_Forms", "in":13, "out":13}, 
{"count":4, "type": "club_1.Member_of_club", "in":4, "out":4}, 
{"count":39, "type": "activity_1.Faculty_Participates_in", "in":39, "out":39}, 
{"count":3, "type": "hospital_1.Department_HAS_hospital_1.Physician", "in":3, "out":3}, 
{"count":5, "type": "election_representative.Election_HAS_election_representative.Representative", "in":5, "out":5}, 
{"count":4, "type": "cre_Theme_park.Shops_HAS_cre_Theme_park.Tourist_attractions", "in":4, "out":4}, 
{"count":8, "type": "device.stock", "in":8, "out":8}, 
{"count":15, "type": "cre_Drama_Workshop_Groups.Invoices_HAS_cre_Drama_Workshop_Groups.Bookings", "in":15, "out":15}, 
{"count":600, "type": "inn_1.Reservations_HAS_inn_1.Rooms", "in":600, "out":600}, 
{"count":29, "type": "hospital_1.Undergoes_HAS_hospital_1.Patient", "in":6, "out":29}, 
{"count":12, "type": "tracking_grants_for_research.Project_Outcomes", "in":12, "out":12}, 
{"count":29, "type": "hospital_1.Undergoes_HAS_hospital_1.Patient", "in":6, "out":29}, 
{"count":11, "type": "hospital_1.Affiliated_With", "in":11, "out":11}, 
{"count":12, "type": "movie_1.Rating", "in":12, "out":12}, 
{"count":60, "type": "customer_deliveries.Order_deliveries_HAS_customer_deliveries.Trucks", "in":15, "out":60}, 
{"count":15, "type": "sports_competition.Player_HAS_sports_competition.Club", "in":15, "out":15}, 
{"count":10, "type": "decoration_competition.Member_HAS_decoration_competition.College", "in":10, "out":10}, 
{"count":63, "type": "college_3.Member_of", "in":63, "out":63}, 
{"count":4, "type": "aircraft.airport_aircraft", "in":4, "out":4}, 
{"count":12, "type": "wedding.Wedding_HAS_wedding.Church", "in":8, "out":12}, 
{"count":4, "type": "railway.railway_manage", "in":4, "out":4}, 
{"count":7, "type": "journal_committee.journal_committee", "in":7, "out":7}, 
{"count":19, "type": "behavior_monitoring.Student_Addresses", "in":19, "out":19}, 
{"count":15, "type": "driving_school.Customer_payments_HAS_driving_school.Customers", "in":15, "out":15}, 
{"count":15, "type": "tracking_software_problems.Problem_log_HAS_tracking_software_problems.Problem_status_codes", "in":15, "out":15}, 
{"count":7, "type": "insurance_fnol.First_notification_of_loss_HAS_insurance_fnol.Services", "in":7, "out":7}, 
{"count":42, "type": "icfp_1.Authorship_HAS_icfp_1.Authors", "in":14, "out":42}, 
{"count":15, "type": "department_store.Product_Suppliers", "in":15, "out":15}, 
{"count":4, "type": "local_govt_mdm.Benefits_overpayments_HAS_local_govt_mdm.Cmi_cross_references", "in":4, "out":4}, 
{"count":20, "type": "network_1.Friend", "in":20, "out":20}, 
{"count":10, "type": "concert_singer.Singer_in_concert_HAS_concert_singer.Concert", "in":10, "out":10}, 
{"count":16, "type": "hospital_1.On_call_HAS_hospital_1.Nurse", "in":6, "out":16}, 
{"count":15, "type": "dog_kennels.Dogs_HAS_dog_kennels.Breeds", "in":15, "out":15}, 
{"count":15, "type": "assets_maintenance.Engineer_visits_HAS_assets_maintenance.Staff", "in":15, "out":15}, 
{"count":15, "type": "cre_Docs_and_Epenses.Accounts_HAS_cre_Docs_and_Epenses.Statements", "in":15, "out":15}, 
{"count":19, "type": "assets_maintenance.Engineer_Skills", "in":19, "out":19}, 
{"count":10, "type": "coffee_shop.Happy_hour_HAS_coffee_shop.Shop", "in":10, "out":10}, 
{"count":27, "type": "machine_repair.Repair_assignment_HAS_machine_repair.Technician", "in":9, "out":27}, 
{"count":15, "type": "solvency_ii.Parties_in_Events", "in":15, "out":15}, 
{"count":15, "type": "student_transcripts_tracking.Student_enrolment_HAS_student_transcripts_tracking.Students", "in":15, "out":15}, 
{"count":15, "type": "tracking_share_transactions.Sales_HAS_tracking_share_transactions.Transactions", "in":15, "out":15}, 
{"count":22, "type": "school_player.School_performance_HAS_school_player.School", "in":22, "out":22}, 
{"count":2, "type": "cre_Theme_park.Street_markets_HAS_cre_Theme_park.Tourist_attractions", "in":2, "out":2}, 
{"count":6, "type": "phone_market.Phone_market_HAS_phone_market.Market", "in":6, "out":6}, 
{"count":5, "type": "department_store.Departments_HAS_department_store.Department_stores", "in":5, "out":5}, 
{"count":69, "type": "voter_2.Voting_record_HAS_voter_2.Student", "in":69, "out":69}, 
{"count":13, "type": "customers_campaigns_ecommerce.Mailshot_Customers", "in":13, "out":13}, 
{"count":6, "type": "e_government.Forms_HAS_e_government.Services", "in":6, "out":6}, 
{"count":15, "type": "assets_maintenance.Maintenance_contracts_HAS_assets_maintenance.Third_party_companies", "in":15, "out":15}, 
{"count":6, "type": "local_govt_mdm.Council_tax_HAS_local_govt_mdm.Cmi_cross_references", "in":6, "out":6}, 
{"count":7, "type": "apartment_rentals.Apartment_facilities_HAS_apartment_rentals.Apartments", "in":7, "out":7}, 
{"count":15, "type": "debate.Debate_people_HAS_debate.Debate", "in":10, "out":15}, 
{"count":4, "type": "cre_Doc_Control_Systems.Circulation_history_HAS_cre_Doc_Control_Systems.Draft_copies", "in":4, "out":4}, 
{"count":15, "type": "customers_campaigns_ecommerce.Customer_Addresses", "in":15, "out":15}, 
{"count":60, "type": "customer_deliveries.Order_deliveries_HAS_customer_deliveries.Trucks", "in":15, "out":60}, 
{"count":15, "type": "cre_Drama_Workshop_Groups.Invoices_HAS_cre_Drama_Workshop_Groups.Customer_orders", "in":15, "out":15}, 
{"count":6, "type": "college_1.Enroll_HAS_college_1.Class", "in":6, "out":6}, 
{"count":11, "type": "orchestra.Performance_HAS_orchestra.Orchestra", "in":11, "out":11}, 
{"count":16, "type": "company_office.Office_locations", "in":16, "out":16}, 
{"count":2, "type": "cre_Docs_and_Epenses.Statements_HAS_cre_Docs_and_Epenses.Documents", "in":2, "out":2}, 
{"count":20, "type": "document_management.Document_Sections_Images", "in":20, "out":20}, 
{"count":18, "type": "cre_Drama_Workshop_Groups.Performers_in_Bookings", "in":18, "out":18}, 
{"count":15, "type": "cre_Doc_Tracking_DB.Employees_HAS_cre_Doc_Tracking_DB.Roles", "in":15, "out":15}, 
{"count":15, "type": "local_govt_and_lot.Timed_locations_of_things_HAS_local_govt_and_lot.Things", "in":15, "out":15}, 
{"count":15, "type": "assets_maintenance.Engineer_visits_HAS_assets_maintenance.Fault_log", "in":15, "out":15}, 
{"count":9, "type": "program_share.broadcast_share", "in":9, "out":9}, 
{"count":15, "type": "customers_card_transactions.Financial_Transactions", "in":15, "out":15}, 
{"count":10, "type": "music_4.Volume_HAS_music_4.Artist", "in":10, "out":10}, 
{"count":6, "type": "roller_coaster.Roller_coaster_HAS_roller_coaster.Country", "in":6, "out":6}, 
{"count":15, "type": "insurance_policies.Settlements_HAS_insurance_policies.Claims", "in":15, "out":15}, 
{"count":15, "type": "assets_maintenance.Part_faults_HAS_assets_maintenance.Parts", "in":15, "out":15}, 
{"count":3, "type": "local_govt_mdm.Business_rates_HAS_local_govt_mdm.Cmi_cross_references", "in":3, "out":3}, 
{"count":21, "type": "hr_1.Locations_HAS_hr_1.Countries", "in":21, "out":21}, 
{"count":22, "type": "cre_Doc_Tracking_DB.Documents_to_be_destroyed_HAS_cre_Doc_Tracking_DB.Employees", "in":22, "out":22}, 
{"count":10, "type": "network_1.Likes", "in":10, "out":10}, 
{"count":3, "type": "product_catalog.Catalog_structure_HAS_product_catalog.Catalogs", "in":3, "out":3}, 
{"count":35, "type": "car_1.Model_list_HAS_car_1.Car_makers", "in":35, "out":35}, 
{"count":15, "type": "dog_kennels.Treatments_HAS_dog_kennels.Dogs", "in":15, "out":15}, 
{"count":3, "type": "cre_Theme_park.Museums_HAS_cre_Theme_park.Tourist_attractions", "in":3, "out":3}, 
{"count":5, "type": "orchestra.Show_HAS_orchestra.Performance", "in":5, "out":5}, 
{"count":15, "type": "department_store.Staff_Department_Assignments", "in":15, "out":15}, 
{"count":15, "type": "cre_Doc_Template_Mgt.Paragraphs_HAS_cre_Doc_Template_Mgt.Documents", "in":15, "out":15}, 
{"count":15, "type": "customers_campaigns_ecommerce.Order_Items", "in":15, "out":15}, 
{"count":15, "type": "department_store.Customer_orders_HAS_department_store.Customers", "in":15, "out":15}, 
{"count":15, "type": "dog_kennels.Treatments_HAS_dog_kennels.Treatment_types", "in":15, "out":15}, 
{"count":9, "type": "hospital_1.Prescribes_HAS_hospital_1.Physician", "in":3, "out":9}, 
{"count":18, "type": "station_weather.route", "in":18, "out":18}, 
{"count":6, "type": "music_1.Artist_HAS_music_1.Genre", "in":6, "out":6}, 
{"count":395, "type": "csu_1.Discipline_enrollments_HAS_csu_1.Campuses", "in":395, "out":395}, 
{"count":30, "type": "tracking_software_problems.Problems_HAS_tracking_software_problems.Staff", "in":30, "out":30}, 
{"count":60, "type": "customer_deliveries.Order_deliveries_HAS_customer_deliveries.Trucks", "in":15, "out":60}, 
{"count":7, "type": "cinema.schedule", "in":7, "out":7}, 
{"count":15, "type": "customer_deliveries.Regular_orders_HAS_customer_deliveries.Customers", "in":15, "out":15}, 
{"count":15, "type": "cre_Doc_Control_Systems.Documents_HAS_cre_Doc_Control_Systems.Ref_document_status", "in":15, "out":15}, 
{"count":9, "type": "hospital_1.Appointment_HAS_hospital_1.Physician", "in":9, "out":9}, 
{"count":5, "type": "student_assessment.Candidate_assessments_HAS_student_assessment.Candidates", "in":5, "out":5}, 
{"count":45, "type": "behavior_monitoring.Students_in_detention_HAS_behavior_monitoring.Behavior_incident", "in":15, "out":45}, 
{"count":16, "type": "hospital_1.On_call_HAS_hospital_1.Nurse", "in":10, "out":16}, 
{"count":5, "type": "company_employee.employment", "in":5, "out":5}]